id,name,model_id:id,group_id:id,perm_read,perm_write,perm_create,perm_unlink
access_alphaashleybookings_user_1,alphaashleybookings User,model_alphaashleybookings_profile,alphaashleybookings.alphaashleybookings_group_user,1,0,0,0
access_alphaashleybookings_user_2,alphaashleybookings Manager,model_alphaashleybookings_profile,alphaashleybookings.alphaashleybookings_group_manager,1,1,1,1
access_alphaashleybookings_user_3,alphaashleybookings Admin,model_alphaashleybookings_profile,alphaashleybookings.alphaashleybookings_group_admin,1,1,1,1
access_alphaashleybookings_user_4,alphaashleybookings Dealer,model_alphaashleybookings_profile,alphaashleybookings.alphaashleybookings_group_dealer,1,1,1,1
access_alphaashleybookings_user_5,alphaashleybookings Access Rigths Full Access,model_alphaashleybookings_profile,base.group_erp_manager,1,1,1,1
access_alphaashleybookings_user_6,alphaashleybookings Settings Full Access,model_alphaashleybookings_profile,base.group_system,1,1,1,1
access_customer_payment_lines_user_1,Customer Payment Lines Full Access,model_customer_payment_lines,base.group_user,1,1,1,1
access_documents_tracker_lines_user_1,Documents Tracker Lines Full Access,model_documents_tracker_lines,base.group_user,1,1,1,1
access_documents_tracker_user_1,Documents Tracker Full Access,model_documents_tracker,base.group_user,1,1,1,1
